[
  {
    "attack": "Coup d'épée",
    "description": "",
    "condition": null,
    "target": "Proche",
    "move": 0,
    "range": 1,
    "turn": 0,
    "zoneEffect": 0,
    "status": null,
    "chance": null,
    "deathMessage": ""
  },
  {
    "attack": "Dard empoisonné",
    "description": "(30% de chance d'empoisonner la cible)",
    "condition": null,
    "target": "Proche",
    "move": 0,
    "range": 1,
    "turn": 0,
    "zoneEffect": 0,
    "status": "Poison",
    "chance": 30,
    "deathMessage": "a été confondu avec une fleur par un frelon !"
  },
  {
    "attack": "Lance Pierre",
    "description": null,
    "condition": null,
    "target": "Proche",
    "move": 0,
    "range": 5,
    "turn": 0,
    "zoneEffect": 0,
    "status": null,
    "chance": null,
    "deathMessage": "est devenu une pierre tombale"
  },
  {
    "attack": "Toile Gluante",
    "description": "(30% de chance de paralyser la cible 1 tour)",
    "condition": null,
    "target": "Proche",
    "move": 0,
    "range": 1,
    "turn": 0,
    "zoneEffect": 0,
    "status": "Paralysie",
    "chance": 30,
    "deathMessage": "a découvert que s'habiller en mouche pour Halloween n'était pas la meilleure idée face à une araignée géante."
  },
  {
    "attack": "Morsure",
    "description": "(ATK*2, 1 case)",
    "condition": null,
    "target": "Proche",
    "move": 0,
    "range": 1,
    "turn": 0,
    "zoneEffect": 0,
    "status": null,
    "chance": null,
    "deathMessage": "a tenté de caresser un chien à l'aspect étrange."
  },
  {
    "attack": "Rapace",
    "description": null,
    "condition": null,
    "target": "Loin",
    "move": 3,
    "range": 1,
    "turn": 0,
    "zoneEffect": 0,
    "status": null,
    "chance": null,
    "deathMessage": "a été lacéré par les serres du destin."
  },
  {
    "attack": "Brasier",
    "description": null,
    "condition": null,
    "target": "Loin",
    "move": 0,
    "range": null,
    "turn": 0,
    "zoneEffect": 0,
    "status": null,
    "chance": null,
    "deathMessage": "est comme le Phénix, il renaîtra de ses cendres... ou pas."
  },
  {
    "attack": "Glacier",
    "description": null,
    "condition": null,
    "target": "Loin",
    "move": 0,
    "range": null,
    "turn": 0,
    "zoneEffect": 0,
    "status": null,
    "chance": null,
    "deathMessage": "a jeté un froid."
  },
  {
    "attack": "Tremblement",
    "description": null,
    "condition": null,
    "target": "Loin",
    "move": 0,
    "range": null,
    "turn": 0,
    "zoneEffect": 0,
    "status": null,
    "chance": null,
    "deathMessage": "est tombé dans une fissure."
  },
  {
    "attack": "Air",
    "description": null,
    "condition": null,
    "target": "Loin",
    "move": 0,
    "range": null,
    "turn": 0,
    "zoneEffect": 0,
    "status": null,
    "chance": null,
    "deathMessage": ""
  },
  {
    "attack": "Foudre",
    "description": null,
    "condition": null,
    "target": "Loin",
    "move": 0,
    "range": null,
    "turn": 0,
    "zoneEffect": 0,
    "status": null,
    "chance": null,
    "deathMessage": "a eu un éclair de lucidité."
  },
  {
    "attack": "Lumen",
    "description": null,
    "condition": null,
    "target": "Loin",
    "move": 0,
    "range": null,
    "turn": 0,
    "zoneEffect": 0,
    "status": null,
    "chance": null,
    "deathMessage": ""
  },
  {
    "attack": "Ruine",
    "description": null,
    "condition": null,
    "target": "Loin",
    "move": 0,
    "range": null,
    "turn": 0,
    "zoneEffect": 0,
    "status": null,
    "chance": null,
    "deathMessage": ", sa place est dans un musée !"
  },
  {
    "attack": "Explosion",
    "description": "Sacrifie ses PV restants et Inflige l'équivant de ses PV Max en dégâts 2 cases autour",
    "condition": "PV < 1/3 PV Max",
    "target": "Proche",
    "move": 0,
    "range": null,
    "turn": 0,
    "zoneEffect": 2,
    "status": null,
    "chance": null,
    "deathMessage": "a confondu la nitroglycérine avec de la glycérine."
  },
  {
    "attack": "Mort",
    "description": " (20% de chance de tuer la cible sur le coup)",
    "condition": null,
    "target": "Proche",
    "move": 0,
    "range": null,
    "turn": 0,
    "zoneEffect": 0,
    "status": "Mort",
    "chance": 20
  },
  {
    "attack": "Brasier +",
    "description": null,
    "condition": null,
    "target": "Loin",
    "move": 0,
    "range": null,
    "turn": 0,
    "zoneEffect": 0,
    "status": null,
    "chance": null,
    "deathMessage": ""
  },
  {
    "attack": "Coup de massue",
    "description": "Coup de massue (2 cases autour) Si au moins deux ennemis à portée",
    "condition": "nb joueurs in zone effect >= 2",
    "target": "Proche",
    "move": 0,
    "range": 2,
    "turn": 0,
    "zoneEffect": 2,
    "status": null,
    "chance": null,
    "deathMessage": ""
  },
  {
    "attack": "Écrasement",
    "description": null,
    "condition": "nb joueurs in zone effect = 1",
    "target": "Proche",
    "move": 0,
    "range": 1,
    "turn": 0,
    "zoneEffect": 0,
    "status": null,
    "chance": null,
    "deathMessage": ""
  },
  {
    "attack": "Foudre +",
    "description": null,
    "condition": null,
    "target": "Loin",
    "move": 0,
    "range": null,
    "turn": 0,
    "zoneEffect": 0,
    "status": null,
    "chance": null,
    "deathMessage": ""
  },
  {
    "attack": "Ruée mortelle",
    "description": "avance jusqu'à 5 cases et frappe les joueurs sur les cases adjacentes non diagonales : devant, sur sa gauche et sa droite)",
    "condition": null,
    "target": "Loin",
    "move": 5,
    "range": null,
    "turn": 0,
    "zoneEffect": 1,
    "status": null,
    "chance": null,
    "deathMessage": ""
  },
  {
    "attack": "Saut",
    "description": "Tour impair, attaque en deux tours, premier tour l'ennemi disparait du board, deuxième tour il frappe le joueur le plus éloigné de lui et se pose sur une case adjacente libre",
    "condition": "tour impair",
    "target": "Loin",
    "move": 0,
    "range": null,
    "turn": 1,
    "zoneEffect": 0,
    "status": null,
    "chance": null,
    "deathMessage": ""
  },
  {
    "attack": "Double Saut",
    "description": "Tour pair, comme Saut mais frappe deux joueurs différents si disponible sinon deux fois le même et se pose à côté d'une case adjacente au dernier joueur touché libre",
    "condition": "tour pair",
    "target": "Loin",
    "move": 0,
    "range": null,
    "turn": 1,
    "zoneEffect": 0,
    "status": null,
    "chance": null,
    "deathMessage": ""
  },
  {
    "attack": "Glacier +",
    "description": null,
    "condition": "portée d'un joueur >3 cases",
    "target": "Loin",
    "move": 0,
    "range": null,
    "turn": 0,
    "zoneEffect": 0,
    "status": null,
    "chance": null,
    "deathMessage": ""
  },
  {
    "attack": "Air +",
    "description": null,
    "condition": null,
    "target": "Loin",
    "move": 0,
    "range": null,
    "turn": 0,
    "zoneEffect": 0,
    "status": null,
    "chance": null,
    "deathMessage": ""
  },
  {
    "attack": "Poing élastique",
    "description": null,
    "condition": null,
    "target": "Proche",
    "move": 0,
    "range": 3,
    "turn": 0,
    "zoneEffect": 0,
    "status": null,
    "chance": null,
    "deathMessage": ""
  },
  {
    "attack": "Ténèbres",
    "description": null,
    "condition": null,
    "target": "Proche",
    "move": 0,
    "range": null,
    "turn": 0,
    "zoneEffect": 0,
    "status": null,
    "chance": null,
    "deathMessage": ""
  },
  {
    "attack": "Foudre X",
    "description": null,
    "condition": null,
    "target": "Loin",
    "move": 0,
    "range": null,
    "turn": 0,
    "zoneEffect": 0,
    "status": null,
    "chance": null,
    "deathMessage": ""
  },
  {
    "attack": "Ouragan",
    "description": null,
    "condition": null,
    "target": "Loin",
    "move": 0,
    "range": null,
    "turn": 0,
    "zoneEffect": 0,
    "status": null,
    "chance": null,
    "deathMessage": ""
  },
  {
    "attack": "Brise garde",
    "description": null,
    "condition": null,
    "target": "Proche",
    "move": 0,
    "range": 1,
    "turn": 0,
    "zoneEffect": 0,
    "status": null,
    "chance": null,
    "deathMessage": ""
  },
  {
    "attack": "Souffle putride",
    "description": "18% des PV Max adverses (x2 si empoisonné)",
    "condition": null,
    "target": "Proche",
    "move": 0,
    "range": 1,
    "turn": 0,
    "zoneEffect": 0,
    "status": "Poison",
    "chance": 30,
    "deathMessage": "n'a pas supporter sa propre haleine."
  },
  {
    "attack": "Brasier X",
    "description": null,
    "condition": null,
    "target": "Loin",
    "move": 0,
    "range": null,
    "turn": 0,
    "zoneEffect": 0,
    "status": null,
    "chance": null,
    "deathMessage": ""
  },
  {
    "attack": "Glacier X",
    "description": null,
    "condition": null,
    "target": "Loin",
    "move": 0,
    "range": null,
    "turn": 0,
    "zoneEffect": 0,
    "status": null,
    "chance": null,
    "deathMessage": ""
  },
  {
    "attack": "Souffle gelé",
    "description": "20 % des PV Max (Lancé Pair, paralyse l'ennemi)",
    "condition": null,
    "target": "Proche",
    "move": 0,
    "range": 2,
    "turn": 0,
    "zoneEffect": 0,
    "status": "Paralysie",
    "chance": 50,
    "deathMessage": "a pris trop de Freedent."
  },
  {
    "attack": "Appel à la meute",
    "description": "(PV<1/3 PV Max) un congénère apparaît",
    "condition": null,
    "target": "Proche",
    "move": 0,
    "range": null,
    "turn": 0,
    "zoneEffect": 0,
    "status": null,
    "chance": null,
    "deathMessage": ""
  },
  {
    "attack": "Glissade gelée",
    "description": "vise le joueur le plus éloigné et s'approche jusqu'à 5 cases et frappe si portée 1 case",
    "condition": "portée d'un joueur =<3 cases",
    "target": "Loin",
    "move": 5,
    "range": null,
    "turn": 0,
    "zoneEffect": 0,
    "status": null,
    "chance": null,
    "deathMessage": ""
  },
  {
    "attack": "Triple désastre",
    "description": "(Air, Feu, Glace)",
    "condition": "portée d'un joueur = 1 case && PV > 1/2 PV max",
    "target": "Proche",
    "move": 0,
    "range": 1,
    "turn": 0,
    "zoneEffect": 0,
    "status": null,
    "chance": null,
    "deathMessage": ""
  }
]