{
    "voleur": {
        "weapons": [
            "Katana",
            "Dagues",
            "Arc"
        ],
        "defaultStats": {
            "strength": 0,
            "dexterity": 2,
            "endurance": 1,
            "mana": 1,
            "intelligence": 0,
            "perception": 3,
            "charisma": 1
        },
        "name": "Voleur",
        "item": [
            "Dague en fer",
            "Pièce marquée"
        ],
        "spells": {
            "Foudre": 20,
            "Célérité": 21,
            "Glacier": 24
        },
        "gold": 0
    },
    "mageBleu": {
        "weapons": [
            "Épée",
            "Marteau",
            "Masse",
            "Sceptre"
        ],
        "defaultStats": {
            "strength": 1,
            "dexterity": 2,
            "endurance": 1,
            "mana": 0,
            "intelligence": 2,
            "perception": 2,
            "charisma": 0
        },
        "name": "Mage Bleu",
        "item": [
            "Monstronomicon"
        ],
        "gold": 20,
        "spells": {}
    },
    "mageRouge": {
        "weapons": [
            "Katana",
            "Marteau",
            "Masse",
            "Sceptre"
        ],
        "defaultStats": {
            "strength": 1,
            "dexterity": 1,
            "endurance": 1,
            "mana": 1,
            "intelligence": 2,
            "perception": 2,
            "charisma": 0
        },
        "name": "Mage Rouge",
        "item": [
            "Bâton de mage"
        ],
        "gold": 10,
        "spells": {
            "Brasier": 1,
            "Foudre": 5,
            "Soin": 5,
            "Glacier": 7,
            "Brasier +": 10,
            "Grâce": 12,
            "Foudre +": 12,
            "Glacier +": 15,
            "Lumen": 15,
            "Célérité": 18,
            "Soin +": 20,
            "Brasier X": 20,
            "Lumen +": 21,
            "Foudre X": 21,
            "Grâce +": 24,
            "Glacier X": 24,
            "Soin X": 26,
            "Lumen X": 26,
            "Renvoi": 28,
            "Grâce X": 28,
            "Séisme": 30,
            "Ouragan": 30
        }
    },
    "mageBlanc": {
        "weapons": [
            "Marteau",
            "Sceptre"
        ],
        "defaultStats": {
            "strength": 0,
            "dexterity": 0,
            "endurance": 1,
            "mana": 3,
            "intelligence": 2,
            "perception": 1,
            "charisma": 0
        },
        "name": "Mage Blanc",
        "item": [
            "Bâton de mage"
        ],
        "gold": 10,
        "spells": {
            "Soin": 1,
            "Lumen": 1,
            "Célérité": 5,
            "Grâce": 5,
            "Soin +": 7,
            "Lumen +": 7,
            "Barrière": 10,
            "Grâce +": 10,
            "Vie": 12,
            "Esuna": 15,
            "Grâce X": 18,
            "Soin X": 20,
            "Lumen X": 21,
            "Vie +": 24,
            "Dissipation": 26,
            "Vie X": 28,
            "Sidéral": 30
        }
    },
    "mageNoir": {
        "weapons": [
            "Dagues",
            "Sceptre"
        ],
        "defaultStats": {
            "strength": 0,
            "dexterity": 1,
            "endurance": 1,
            "mana": 2,
            "intelligence": 2,
            "perception": 2,
            "charisma": 0
        },
        "name": "Mage Noir",
        "item": [
            "Bâton de mage"
        ],
        "gold": 10,
        "spells": {
            "Brasier": 1,
            "Foudre": 1,
            "Morphée": 5,
            "Fièvre": 5,
            "Glacier": 7,
            "Rage": 7,
            "Brasier +": 10,
            "Foudre +": 12,
            "Glacier +": 15,
            "Célérité": 18,
            "Brasier X": 20,
            "Supplice": 20,
            "Renvoi": 21,
            "Foudre X": 21,
            "Glacier X": 24,
            "Mort": 24,
            "Fureur": 26,
            "Séisme": 28,
            "Ouragan": 28,
            "Atomnium": 30
        }
    }
}