[
  {
    "type": "Épée",
    "mainStat": "Force",
    "subStat": null,
    "name": "Épée en fer",
    "weaponStat": 2,
    "weaponSubStat": 0,
    "range": 1,
    "status": null,
    "element": null
  },
  {
    "type": "Épée",
    "mainStat": "Force",
    "subStat": null,
    "name": "Épée de mithril",
    "weaponStat": 4,
    "weaponSubStat": 0,
    "range": 1,
    "status": null,
    "element": null
  },
  {
    "type": "Épée",
    "mainStat": "Force",
    "subStat": null,
    "name": "Épée Sanguine",
    "weaponStat": 5,
    "weaponSubStat": 0,
    "range": 1,
    "status": "Saignée",
    "element": null
  },
  {
    "type": "Épée",
    "mainStat": "Force",
    "subStat": null,
    "name": "Épée Runique",
    "weaponStat": 6,
    "weaponSubStat": 0,
    "range": 1,
    "status": "Immunité magie",
    "element": null
  },
  {
    "type": "Épée",
    "mainStat": "Force",
    "subStat": null,
    "name": "Diamantine",
    "weaponStat": 7,
    "weaponSubStat": 0,
    "range": 1,
    "status": null,
    "element": null
  },
  {
    "type": "Épée",
    "mainStat": "Force",
    "subStat": null,
    "name": "Vengeresse",
    "weaponStat": 8,
    "weaponSubStat": 0,
    "range": 1,
    "status": null,
    "element": null
  },
  {
    "type": "Épée",
    "mainStat": "Force",
    "subStat": null,
    "name": "Dévoreuse",
    "weaponStat": 10,
    "weaponSubStat": 0,
    "range": 1,
    "status": null,
    "element": "Ténèbre"
  },
  {
    "type": "Épée",
    "mainStat": "Force",
    "subStat": null,
    "name": "Calamité",
    "weaponStat": 10,
    "weaponSubStat": 0,
    "range": 1,
    "status": null,
    "element": null
  },
  {
    "type": "Épée",
    "mainStat": "Force",
    "subStat": null,
    "name": "Excalibur",
    "weaponStat": 12,
    "weaponSubStat": 0,
    "range": 1,
    "status": null,
    "element": "Sacré"
  },
  {
    "type": "Épée",
    "mainStat": "Force",
    "subStat": null,
    "name": "Ragnarok",
    "weaponStat": 12,
    "weaponSubStat": 0,
    "range": 1,
    "status": null,
    "element": null
  },
  {
    "type": "Poings",
    "mainStat": "Force",
    "subStat": null,
    "name": "Bandages",
    "weaponStat": 1,
    "weaponSubStat": 0,
    "range": 1,
    "status": null,
    "element": null
  },
  {
    "type": "Poings",
    "mainStat": "Force",
    "subStat": null,
    "name": "Griffes de chat",
    "weaponStat": 3,
    "weaponSubStat": 0,
    "range": 1,
    "status": "Morphée",
    "element": null
  },
  {
    "type": "Poings",
    "mainStat": "Force",
    "subStat": null,
    "name": "Poings soniques",
    "weaponStat": 5,
    "weaponSubStat": 0,
    "range": 1,
    "status": null,
    "element": null
  },
  {
    "type": "Poings",
    "mainStat": "Force",
    "subStat": null,
    "name": "Griffes infernales",
    "weaponStat": 7,
    "weaponSubStat": 0,
    "range": 1,
    "status": null,
    "element": null
  },
  {
    "type": "Poings",
    "mainStat": "Force",
    "subStat": null,
    "name": "Griffes du tigre",
    "weaponStat": 9,
    "weaponSubStat": 0,
    "range": 1,
    "status": "Morphée",
    "element": null
  },
  {
    "type": "Poings",
    "mainStat": "Force",
    "subStat": null,
    "name": "Mains de Dieu",
    "weaponStat": 11,
    "weaponSubStat": 0,
    "range": 1,
    "status": null,
    "element": "Sacré"
  },
  {
    "type": "Marteau",
    "mainStat": "Force",
    "subStat": null,
    "name": "Marteau",
    "weaponStat": 3,
    "weaponSubStat": 0,
    "range": 1,
    "status": null,
    "element": null
  },
  {
    "type": "Marteau",
    "mainStat": "Force",
    "subStat": null,
    "name": "Marteau de guerre",
    "weaponStat": 5,
    "weaponSubStat": 0,
    "range": 1,
    "status": null,
    "element": null
  },
  {
    "type": "Marteau",
    "mainStat": "Force",
    "subStat": null,
    "name": "Règle cylindrique",
    "weaponStat": 5,
    "weaponSubStat": 0,
    "range": 1,
    "status": null,
    "element": null
  },
  {
    "type": "Marteau",
    "mainStat": "Force",
    "subStat": null,
    "name": "Marteau de mithril",
    "weaponStat": 7,
    "weaponSubStat": 0,
    "range": 1,
    "status": null,
    "element": null
  },
  {
    "type": "Marteau",
    "mainStat": "Force",
    "subStat": null,
    "name": "Mjölnir",
    "weaponStat": 9,
    "weaponSubStat": 0,
    "range": 1,
    "status": null,
    "element": "Foudre"
  },
  {
    "type": "Marteau",
    "mainStat": "Force",
    "subStat": null,
    "name": "Héphaïstos",
    "weaponStat": 11,
    "weaponSubStat": 0,
    "range": 1,
    "status": null,
    "element": "Feu"
  },
  {
    "type": "Masses",
    "mainStat": "Force",
    "subStat": null,
    "name": "Masse d'arme",
    "weaponStat": 4,
    "weaponSubStat": 0,
    "range": 1,
    "status": null,
    "element": null
  },
  {
    "type": "Masses",
    "mainStat": "Force",
    "subStat": null,
    "name": "Masse de bronze",
    "weaponStat": 6,
    "weaponSubStat": 0,
    "range": 1,
    "status": null,
    "element": null
  },
  {
    "type": "Masses",
    "mainStat": "Force",
    "subStat": null,
    "name": "Masse du délire",
    "weaponStat": 6,
    "weaponSubStat": 0,
    "range": 1,
    "status": "Fièvre",
    "element": null
  },
  {
    "type": "Masses",
    "mainStat": "Force",
    "subStat": null,
    "name": "Crosse de diamant",
    "weaponStat": 8,
    "weaponSubStat": 0,
    "range": 1,
    "status": null,
    "element": null
  },
  {
    "type": "Masses",
    "mainStat": "Force",
    "subStat": null,
    "name": "Masse de Zeus",
    "weaponStat": 10,
    "weaponSubStat": 0,
    "range": 1,
    "status": null,
    "element": "Foudre"
  },
  {
    "type": "Masses",
    "mainStat": "Force",
    "subStat": null,
    "name": "Masse de maître",
    "weaponStat": 12,
    "weaponSubStat": 0,
    "range": 1,
    "status": null,
    "element": null
  },
  {
    "type": "Lance",
    "mainStat": "Force",
    "subStat": "Dextérité",
    "name": "Lance de mithril",
    "weaponStat": 2,
    "weaponSubStat": 2,
    "range": 2,
    "status": null,
    "element": null
  },
  {
    "type": "Lance",
    "mainStat": "Force",
    "subStat": "Dextérité",
    "name": "Bardiche",
    "weaponStat": 3,
    "weaponSubStat": 2,
    "range": 2,
    "status": null,
    "element": null
  },
  {
    "type": "Lance",
    "mainStat": "Force",
    "subStat": "Dextérité",
    "name": "Obélisque",
    "weaponStat": 5,
    "weaponSubStat": 3,
    "range": 2,
    "status": null,
    "element": null
  },
  {
    "type": "Lance",
    "mainStat": "Force",
    "subStat": "Dextérité",
    "name": "Barbe de dragon",
    "weaponStat": 7,
    "weaponSubStat": 4,
    "range": 2,
    "status": null,
    "element": "Foudre"
  },
  {
    "type": "Lance",
    "mainStat": "Force",
    "subStat": "Dextérité",
    "name": "Lance du Zodiaque",
    "weaponStat": 9,
    "weaponSubStat": 6,
    "range": 2,
    "status": null,
    "element": null
  },
  {
    "type": "Lance",
    "mainStat": "Force",
    "subStat": "Dextérité",
    "name": "Gungnir",
    "weaponStat": 12,
    "weaponSubStat": 10,
    "range": 2,
    "status": null,
    "element": "Sacré"
  },
  {
    "type": "Sceptre",
    "mainStat": "Dextérité",
    "subStat": null,
    "name": "Bâton de mage",
    "weaponStat": 2,
    "weaponSubStat": 0,
    "range": 1,
    "status": null,
    "element": null
  },
  {
    "type": "Sceptre",
    "mainStat": "Dextérité",
    "subStat": null,
    "name": "Bâton doré",
    "weaponStat": 3,
    "weaponSubStat": 0,
    "range": 1,
    "status": "Argent+",
    "element": null
  },
  {
    "type": "Sceptre",
    "mainStat": "Dextérité",
    "subStat": null,
    "name": "Caducée",
    "weaponStat": 2,
    "weaponSubStat": 0,
    "range": 1,
    "status": "Esuna",
    "element": null
  },
  {
    "type": "Sceptre",
    "mainStat": "Dextérité",
    "subStat": null,
    "name": "Sceptre Ophidien",
    "weaponStat": 5,
    "weaponSubStat": 0,
    "range": 1,
    "status": null,
    "element": "Glace"
  },
  {
    "type": "Sceptre",
    "mainStat": "Dextérité",
    "subStat": null,
    "name": "Sceptre Céleste",
    "weaponStat": 7,
    "weaponSubStat": 0,
    "range": 1,
    "status": null,
    "element": "Sacré"
  },
  {
    "type": "Sceptre",
    "mainStat": "Dextérité",
    "subStat": null,
    "name": "Sceptre de la foi",
    "weaponStat": 7,
    "weaponSubStat": 0,
    "range": 1,
    "status": "Foi",
    "element": null
  },
  {
    "type": "Katana",
    "mainStat": "Dextérité",
    "subStat": null,
    "name": "Kotetsu",
    "weaponStat": 5,
    "weaponSubStat": 0,
    "range": 1,
    "status": null,
    "element": "Ténèbre"
  },
  {
    "type": "Katana",
    "mainStat": "Dextérité",
    "subStat": null,
    "name": "Osafune",
    "weaponStat": 7,
    "weaponSubStat": 0,
    "range": 1,
    "status": null,
    "element": "Air"
  },
  {
    "type": "Katana",
    "mainStat": "Dextérité",
    "subStat": null,
    "name": "Murasame",
    "weaponStat": 9,
    "weaponSubStat": 0,
    "range": 1,
    "status": null,
    "element": null
  },
  {
    "type": "Katana",
    "mainStat": "Dextérité",
    "subStat": null,
    "name": "Kuki-Ichimonji",
    "weaponStat": 9,
    "weaponSubStat": 0,
    "range": 1,
    "status": null,
    "element": "Feu"
  },
  {
    "type": "Katana",
    "mainStat": "Dextérité",
    "subStat": null,
    "name": "Murakumo",
    "weaponStat": 11,
    "weaponSubStat": 0,
    "range": 1,
    "status": null,
    "element": null
  },
  {
    "type": "Katana",
    "mainStat": "Dextérité",
    "subStat": null,
    "name": "Masamune",
    "weaponStat": 12,
    "weaponSubStat": 0,
    "range": 1,
    "status": null,
    "element": null
  },
  {
    "type": "Dagues",
    "mainStat": "Dextérité",
    "subStat": null,
    "name": "Dague en fer",
    "weaponStat": 2,
    "weaponSubStat": 0,
    "range": 1,
    "status": null,
    "element": null
  },
  {
    "type": "Dagues",
    "mainStat": "Dextérité",
    "subStat": null,
    "name": "Coutelas",
    "weaponStat": 4,
    "weaponSubStat": 0,
    "range": 1,
    "status": null,
    "element": null
  },
  {
    "type": "Dagues",
    "mainStat": "Dextérité",
    "subStat": null,
    "name": "Main gauche",
    "weaponStat": 5,
    "weaponSubStat": 0,
    "range": 1,
    "status": null,
    "element": "Air"
  },
  {
    "type": "Dagues",
    "mainStat": "Dextérité",
    "subStat": null,
    "name": "Kukris",
    "weaponStat": 5,
    "weaponSubStat": 0,
    "range": 1,
    "status": null,
    "element": null
  },
  {
    "type": "Dagues",
    "mainStat": "Dextérité",
    "subStat": null,
    "name": "Orochi",
    "weaponStat": 7,
    "weaponSubStat": 0,
    "range": 1,
    "status": "Aveuglement",
    "element": null
  },
  {
    "type": "Dagues",
    "mainStat": "Dextérité",
    "subStat": null,
    "name": "Dague Zorin",
    "weaponStat": 9,
    "weaponSubStat": 0,
    "range": 1,
    "status": null,
    "element": null
  },
  {
    "type": "Arc",
    "mainStat": "Dextérité",
    "subStat": null,
    "name": "Arc court",
    "weaponStat": 3,
    "weaponSubStat": 0,
    "range": 3,
    "status": null,
    "element": null
  },
  {
    "type": "Arc",
    "mainStat": "Dextérité",
    "subStat": null,
    "name": "Arc de chasse",
    "weaponStat": 4,
    "weaponSubStat": 0,
    "range": 3,
    "status": null,
    "element": null
  },
  {
    "type": "Arc",
    "mainStat": "Dextérité",
    "subStat": null,
    "name": "Arc Assassin",
    "weaponStat": 5,
    "weaponSubStat": 0,
    "range": 3,
    "status": "Aveuglement",
    "element": null
  },
  {
    "type": "Arc",
    "mainStat": "Dextérité",
    "subStat": null,
    "name": "Arc elfique",
    "weaponStat": 6,
    "weaponSubStat": 0,
    "range": 3,
    "status": "No roll",
    "element": null
  },
  {
    "type": "Arc",
    "mainStat": "Dextérité",
    "subStat": null,
    "name": "Arc d'Artemis",
    "weaponStat": 7,
    "weaponSubStat": 0,
    "range": 3,
    "status": "Crit+",
    "element": null
  },
  {
    "type": "Arc",
    "mainStat": "Dextérité",
    "subStat": null,
    "name": "Sagittaire",
    "weaponStat": 10,
    "weaponSubStat": 0,
    "range": 3,
    "status": null,
    "element": null
  }
]